tp,tn,fp,fn,tpr,fpr,precision,recall,accuracy
5287,68461,10828,661,0.8888702084734365,0.13656370997237952,0.3280794291033199,0.8888702084734365,0.8652111172378193
