tpr,fpr,precision,recall,accuracy
0.47565663,0.08333714,0.5507018,0.47565663,0.878433
