tpr,fpr,precision,recall,accuracy
0.48140594,0.08333714,0.553456,0.48140594,0.87856674
